,0,1,2,3,4,5,6,7,8,9,accuracy,macro avg,weighted avg
precision,0.8211805555555556,0.7391003460207612,0.8597701149425288,0.7110726643598616,0.6857142857142857,0.8199767711962834,0.9136253041362531,0.7902330743618202,0.8110137672090113,0.4878682842287695,0.754,0.763955516772513,0.762369184513556
recall,0.9653061224489796,0.9409691629955947,0.7248062015503876,0.8138613861386138,0.5865580448065173,0.7914798206278026,0.7839248434237995,0.6926070038910506,0.6652977412731006,0.557978196233895,0.754,0.7522788523389741,0.754
f1-score,0.8874296435272045,0.827906976744186,0.786540483701367,0.7590027700831025,0.6322722283205269,0.8054763262977752,0.843820224719101,0.738206324520477,0.7309644670050762,0.5205732778548313,0.754,0.7532192722773647,0.7531507962599846
support,980.0,1135.0,1032.0,1010.0,982.0,892.0,958.0,1028.0,974.0,1009.0,0.754,10000.0,10000.0
