,0,1,2,3,4,5,6,7,8,9,accuracy,macro avg,weighted avg
precision,0.9602780536246276,0.9688041594454073,0.9616519174041298,0.969939879759519,0.9763617677286742,0.9492833517089305,0.9714889123548046,0.9565646594274433,0.9487983281086729,0.9269717624148004,0.9591,0.9590142791977009,0.9591756204256467
recall,0.986734693877551,0.9850220264317181,0.9476744186046512,0.9584158415841584,0.9674134419551935,0.9652466367713004,0.9603340292275574,0.9426070038910506,0.9322381930184805,0.9435084241823588,0.9591,0.9589194709544019,0.9591
f1-score,0.9733266230498239,0.9768457841852337,0.9546120058565155,0.9641434262948205,0.9718670076726345,0.9571984435797665,0.9658792650918635,0.9495345418912298,0.9404453650958053,0.9351669941060905,0.9591,0.9589019456823783,0.9590730047126989
support,980.0,1135.0,1032.0,1010.0,982.0,892.0,958.0,1028.0,974.0,1009.0,0.9591,10000.0,10000.0
