,0,1,2,3,4,5,6,7,8,9,accuracy,macro avg,weighted avg
precision,0.967479674796748,0.9772727272727273,0.9421407907425265,0.9473150962512664,0.9477993858751279,0.9462857142857143,0.9275793650793651,0.9395711500974658,0.9512195121951219,0.9234543670264965,0.9473,0.9470117783622559,0.9473991459341667
recall,0.9714285714285714,0.9850220264317181,0.9467054263565892,0.9257425742574258,0.9429735234215886,0.9282511210762332,0.975991649269311,0.9377431906614786,0.9209445585215605,0.9326065411298315,0.9473,0.9467409182554309,0.9473
f1-score,0.969450101832994,0.9811320754716981,0.9444175930401161,0.9364046069103655,0.9453802960694232,0.9371816638370118,0.9511698880976602,0.9386562804284323,0.9358372456964006,0.9280078895463509,0.9473,0.9467637640930453,0.9472407956274917
support,980.0,1135.0,1032.0,1010.0,982.0,892.0,958.0,1028.0,974.0,1009.0,0.9473,10000.0,10000.0
