,0,1,2,3,4,5,6,7,8,9,accuracy,macro avg,weighted avg
precision,0.5617977528089888,0.7147080561714708,0.7287705956907478,0.6462925851703407,0.6997663551401869,0.7002487562189055,0.7572178477690289,0.7903822441430333,0.600418410041841,0.5889464594127807,0.6673,0.6788549062567324,0.6795376812647268
recall,0.8673469387755102,0.8519823788546256,0.5571705426356589,0.6386138613861386,0.609979633401222,0.6311659192825112,0.6022964509394572,0.6235408560311284,0.5893223819301848,0.6759167492566898,0.6673,0.6647335712493125,0.6673
f1-score,0.681909346169274,0.7773311897106109,0.6315211422295443,0.6424302788844622,0.6517954298150164,0.6639150943396226,0.6709302325581395,0.6971179989124524,0.594818652849741,0.6294416243654822,0.6673,0.6641210989834345,0.6657250268784035
support,980.0,1135.0,1032.0,1010.0,982.0,892.0,958.0,1028.0,974.0,1009.0,0.6673,10000.0,10000.0
