,0,1,2,3,4,5,6,7,8,9,accuracy,macro avg,weighted avg
precision,0.9444995044598612,0.9768064228367529,0.9341846758349706,0.8979788257940328,0.9347389558232931,0.9143167028199566,0.9521829521829522,0.9442755825734549,0.9123548046462513,0.914914914914915,0.9332,0.932625334188644,0.9333495453289293
recall,0.9724489795918367,0.9647577092511013,0.9215116279069767,0.9237623762376238,0.9480651731160896,0.945067264573991,0.9561586638830898,0.9066147859922179,0.8870636550308009,0.9058473736372646,0.9332,0.9331297609220993,0.9332
f1-score,0.9582704876822524,0.9707446808510639,0.9278048780487805,0.9106881405563689,0.9413549039433771,0.9294377067254685,0.9541666666666667,0.925062034739454,0.8995314940135346,0.9103585657370518,0.9332,0.9327419558964019,0.9331409803251046
support,980.0,1135.0,1032.0,1010.0,982.0,892.0,958.0,1028.0,974.0,1009.0,0.9332,10000.0,10000.0
