,0,1,2,3,4,5,6,7,8,9,accuracy,macro avg,weighted avg
precision,0.5677290836653387,0.7537942664418212,0.7320754716981132,0.5768240343347639,0.7241379310344828,0.6678200692041523,0.7324414715719063,0.7948717948717948,0.6479217603911981,0.588809946714032,0.6672,0.6786425829927604,0.6800816271629606
recall,0.8724489795918368,0.7876651982378855,0.563953488372093,0.6653465346534654,0.6629327902240326,0.649103139013453,0.68580375782881,0.5729571984435797,0.5441478439425051,0.6570862239841427,0.6672,0.6661445154291804,0.6672
f1-score,0.6878519710378118,0.7703576044808271,0.6371100164203612,0.6179310344827587,0.6921850079744817,0.6583285957930642,0.7083557951482479,0.6659129451667608,0.5915178571428572,0.6210772833723653,0.6672,0.6650628111019536,0.6662982210917858
support,980.0,1135.0,1032.0,1010.0,982.0,892.0,958.0,1028.0,974.0,1009.0,0.6672,10000.0,10000.0
