,0,1,2,3,4,5,6,7,8,9,accuracy,macro avg,weighted avg
precision,0.9603567888999008,0.9690455717970765,0.9639024390243902,0.9434146341463414,0.9626943005181348,0.9463687150837988,0.9696652719665272,0.9705882352941176,0.9480381760339343,0.9070667957405615,0.9542,0.9541140928504783,0.954346278842168
recall,0.9887755102040816,0.9929515418502203,0.9573643410852714,0.9574257425742574,0.9460285132382892,0.9495515695067265,0.9676409185803758,0.9309338521400778,0.917864476386037,0.9286422200198216,0.9542,0.9537178685585157,0.9542
f1-score,0.9743589743589742,0.9808529155787642,0.9606222654350998,0.9503685503685503,0.9542886492039034,0.9479574706211528,0.9686520376175548,0.9503475670307846,0.9327073552425665,0.9177277179236043,0.9542,0.9537883503380954,0.9541433967503692
support,980.0,1135.0,1032.0,1010.0,982.0,892.0,958.0,1028.0,974.0,1009.0,0.9542,10000.0,10000.0
