,0,1,2,3,4,5,6,7,8,9,accuracy,macro avg,weighted avg
precision,0.967032967032967,0.9706390328151986,0.9610136452241715,0.9749247743229689,0.9694189602446484,0.9672316384180791,0.9665271966527197,0.9601593625498008,0.9527806925498427,0.9201154956689124,0.9609,0.960984376547931,0.9609929563072251
recall,0.9877551020408163,0.9903083700440528,0.9554263565891473,0.9623762376237623,0.9684317718940937,0.9596412556053812,0.964509394572025,0.9377431906614786,0.9322381930184805,0.9474727452923687,0.9609,0.9605902617341607,0.9609
f1-score,0.9772841998990408,0.9803750545137374,0.9582118561710399,0.9686098654708519,0.9689251146204788,0.9634214969048959,0.9655172413793104,0.9488188976377954,0.9423975090814739,0.9335937499999999,0.9609,0.9607154985678624,0.9608733851873092
support,980.0,1135.0,1032.0,1010.0,982.0,892.0,958.0,1028.0,974.0,1009.0,0.9609,10000.0,10000.0
